178),101.6,6.3,26,DET-5,"Johnson, Calvin"
179),97.7,6.1,31,NE -9,"Welker, Wes"
180),85.4,5.3,25,NYG-11,"Cruz, Victor"
181),80.4,5,29,ARI-10,"Fitzgerald, Larry"
182),79.8,5,30,ATL-7,"White, Roddy"
183),79.1,4.9,27,GB -10,"Nelson, Jordy"
184),78.9,4.9,24,MIN-11,"Harvin, Percy"
185),78.8,4.9,33,CAR-6,"Smith(Car), Steve"
186),71.9,4.5,26,PIT-4,"Wallace, Mike"
187),70,4.4,28,CHI-6,"Marshall(Chi), Brandon"
188),69.9,4.7,24,NYG-11,"Nicks, Hakeem"
189),68.4,4.3,29,TB -5,"Jackson, Vincent"
190),68.3,4.3,27,KC -7,"Bowe, Dwayne"
191),68.2,4.9,29,NO -6,"Colston, Marques"
192),65.2,4.3,24,CIN-8,"Green, A.J."
193),64.5,4,29,TEN-11,"Washington, Nate"
194),62.4,3.9,26,BUF-8,"Johnson, Stevie"
195),61.9,3.9,24,PIT-4,"Brown, Antonio"
196),60.4,4.6,28,GB -10,"Jennings, Greg"
197),58.7,4.5,23,ATL-7,"Jones, Julio"
198),57.4,3.8,23,DAL-5,"Bryant, Dez"
199),57.4,3.6,33,IND-4,"Wayne, Reggie"
200),57.4,3.8,31,NE -9,"Lloyd, Brandon"
201),56.2,3.5,26,WAS-10,"Garcon, Pierre"
202),56.1,4,27,JAC-6,"Robinson, Laurent"
203),55.9,3.7,25,PHI-7,"Jackson, DeSean"
204),55,3.4,31,NE -9,"Gaffney, Jabar"
205),54.3,3.6,25,RAI-5,"Heyward-Bey, Darrius"
206),53.8,3.6,24,SF -9,"Crabtree, Michael"
207),52.8,3.3,23,BAL-8,"Smith, Torrey"
208),50.7,3.2,31,DET-5,"Burleson, Nate"
209),50.4,3.9,24,PHI-7,"Maclin, Jeremy"
210),49.9,3.6,31,BAL-8,"Boldin, Anquan"
211),47.8,4,30,SD -7,"Floyd, Malcom"
212),47.2,3,29,KC -7,"Breaston, Steve"
213),45.4,2.8,23,SEA-11,"Baldwin, Doug"
214),44.3,2.8,28,NYJ-9,"Holmes, Santonio"
215),43.9,2.7,25,TB -5,"Williams(TB), Mike"
216),43.9,3.1,29,NO -6,"Moore, Lance"
217),43.5,2.7,25,BUF-8,"Nelson, David"
218),43.4,2.7,26,ARI-10,"Doucet, Early"
219),43.3,2.9,33,NE -9,"Branch, Deion"
220),43.2,2.7,23,CLE-10,"Little, Greg"
221),41.6,3.2,23,RAI-5,"Moore, Denarius"
222),41.5,2.6,35,NYJ-9,"Burress, Plaxico"
223),41.1,2.6,24,KC -7,"McCluster, Dexter"
224),40.8,2.6,23,DET-5,"Young, Titus"
225),40,2.5,28,GB -10,"Jones, James"
226),39.5,2.5,25,DEN-7,"Decker, Eric"
227),39.5,2.5,27,SD -7,"Meachem, Robert"
228),38.7,3.9,28,DAL-5,"Austin, Miles"
229),37.1,2.3,24,ARI-10,"Roberts, Andre"
230),36.6,3,33,WAS-10,"Moss, Santana"
231),35.6,2.2,29,PHI-7,"Avant, Jason"
232),34.7,2.2,25,CAR-6,"LaFell, Brandon"
233),33.6,2.1,29,CLE-10,"Cribbs, Joshua"
234),32.7,2.7,26,SF -9,"Manningham, Mario"
235),32.4,2.9,24,DEN-7,"Thomas, Demaryius"
236),32.4,2,26,IND-4,"Collie, Austin"
237),32,2,26,MIA-7,"Bess, Davone"
238),30.4,1.9,25,MIA-7,"Hartline, Brian"
239),29.8,3.3,26,SEA-11,"Rice, Sidney"
240),29.8,2,31,HOU-8,"Walter, Kevin"
241),29.5,2,28,MIA-7,"Naanee, Legedu"
242),29.3,1.8,28,BAL-8,"Jones, Jacoby"
243),29,1.8,30,NO -6,"Henderson, Devery"
244),28.8,1.8,27,ATL-7,"Douglas, Harry"
245),28.7,4.1,31,HOU-8,"Johnson, Andre"
246),26.3,1.8,25,STL-9,"Gibson, Brandon"
247),25.5,1.6,24,SEA-11,"Tate, Golden"
248),25.3,1.8,23,TB -5,"Benn, Arrelious"
249),23.6,1.7,25,CLE-10,"Massaquoi, Mohamed"
250),23.1,1.8,27,DEN-7,"Caldwell, Andre"
251),22.2,1.6,23,NYJ-9,"Kerley, Jeremy"
252),20.4,1.3,29,CHI-6,"Hester, Devin"
253),19.5,1.8,25,CHI-6,"Bennett, Earl"
254),19,1.4,23,SD -7,"Brown, Vincent"
255),18.5,1.7,25,PIT-4,"Sanders, Emmanuel"
256),17.4,1.2,26,NYJ-9,"Schilens, Chaz"
257),16.5,5.5,23,TEN-11,"Britt, Kenny"
258),16,2,25,RAI-5,"Ford(RAI), Jacoby"
259),15.9,1.6,27,BUF-8,"Hagan, Derek"
260),15.4,1.4,23,KC -7,"Baldwin, Jonathan"
261),15,1,34,MIA-7,"Ochocinco, Chad"
262),14.8,1.9,24,BUF-8,"Jones, Donald"
263),14,1.2,28,SEA-11,"Williams(Sea), Mike"
264),13.3,1.1,26,SD -7,"Royal, Eddie"
265),12.8,2.6,27,WAS-10,"Morgan, Josh"
266),9.3,2.3,23,WAS-10,"Hankerson, Leonard"
267),8.2,0.9,27,STL-9,"Smith(StL), Steve"
268),8,0.6,25,DAL-5,"Ogletree, Kevin"
269),3.4,0.4,28,IND-4,"Avery, Donnie"
270),2.8,2.8,26,STL-9,"Amendola, Danny"
271),1.4,0.7,26,CIN-8,"Shipley, Jordan"
272),0.5,0.2,36,DEN-7,"Stokley, Brandon"
273),,,22,CHI-6,"Jeffery, Alshon(2)"
274),0,0,24,CIN-8,"Tate, Brandon"
275),,,22,CIN-8,"Sanu, Mohamed(3)"
276),,,22,DET-5,"Broyles, Ryan(2)"
277),,,22,TEN-11,"Wright, Kendall(1)"
278),,,22,IND-4,"Hilton, T.Y.(3)"
279),,,22,STL-9,"Quick, Brian(2)"
280),,,22,MIN-11,"Wright, Jarius(4)"
281),,,22,MIN-11,"Childs, Greg(4)"
282),,,24,NYG-11,"Jernigan, Jerrel"
283),,,22,NYG-11,"Randle, Rueben(2)"
284),,,22,NYJ-9,"Hill, Stephen(2)"
285),,,22,ARI-10,"Floyd, Malcolm(1)"
286),,,35,SF -9,"Moss, Randy"
287),,,22,SF -9,"Jenkins, A.J.(1)"
288),,,25,CAR-6,"Gettis, David"
289),,,22,JAC-6,"Blackmon, Justin(1)"
290),,,22,CIN-8,"Binns, Armon"
291),,,24,HOU-8,"Lestar, Jean"
